merchant_id,total_sales
8,94742.22999999998
3,92902.70000000004
11,88523.60999999999
9,85565.87
10,83789.16999999997
2,81600.11
19,75616.39
4,74974.24999999999
18,74764.24000000002
17,74147.64999999998
15,69819.84
14,68200.77999999997
16,67913.26000000001
6,66261.09999999998
5,65221.94
7,61624.44
13,61138.27999999999
12,60649.82
20,54731.43
1,52337.66
